Country,Subject Descriptor,Units,Scale,Country/Series-specific Notes,2015,2016,2017,2018,2019,2020,2021,Estimates Start After
Afghanistan,"Gross domestic product per capita, current prices",U.S. dollars,Units,"See notes for:  Gross domestic product, current prices (National currency) Population (Persons).",711.337,616.234,636.693,582.323,586.204,580.817,591.667,2019
Albania,"Gross domestic product per capita, current prices",U.S. dollars,Units,"See notes for:  Gross domestic product, current prices (National currency) Population (Persons).","3,953.61","4,124.41","4,542.76","5,284.44","5,323.19","5,286.68","5,991.09",2019
Algeria,"Gross domestic product per capita, current prices",U.S. dollars,Units,"See notes for:  Gross domestic product, current prices (National currency) Population (Persons).","4,153.32","3,918.94","4,079.65","4,118.74","3,939.54","3,262.58","3,363.97",2019
Angola,"Gross domestic product per capita, current prices",U.S. dollars,Units,"See notes for:  Gross domestic product, current prices (National currency) Population (Persons).","4,354.92","3,676.83","4,303.69","3,620.59","2,974.13","2,012.15","2,080.35",2017
Antigua and Barbuda,"Gross domestic product per capita, current prices",U.S. dollars,Units,"See notes for:  Gross domestic product, current prices (National currency) Population (Persons).","14,696.89","15,556.01","15,655.23","16,860.96","17,195.46","14,168.26","13,824.22",2011
Argentina,"Gross domestic product per capita, current prices",U.S. dollars,Units,"See notes for:  Gross domestic product, current prices (National currency) Population (Persons).","14,895.32","12,772.87","14,618.33","11,624.89","9,890.31","8,554.64","9,121.56",2019
Armenia,"Gross domestic product per capita, current prices",U.S. dollars,Units,"See notes for:  Gross domestic product, current prices (National currency) Population (Persons).","3,529.03","3,524.00","3,868.91","4,195.96","4,604.77","4,155.27","4,125.33",2015
Aruba,"Gross domestic product per capita, current prices",U.S. dollars,Units,"See notes for:  Gross domestic product, current prices (National currency) Population (Persons).","27,126.62","27,037.46","27,838.91","28,694.90","29,813.78","21,832.92","22,851.99",2017
Australia,"Gross domestic product per capita, current prices",U.S. dollars,Units,"See notes for:  Gross domestic product, current prices (National currency) Population (Persons).","51,484.05","51,918.17","55,914.69","56,465.24","54,464.06","52,824.82","62,723.50",2019
Austria,"Gross domestic product per capita, current prices",U.S. dollars,Units,"See notes for:  Gross domestic product, current prices (National currency) Population (Persons).","44,267.81","45,278.83","47,317.91","51,246.15","50,246.61","48,154.38","53,859.01",2019
Azerbaijan,"Gross domestic product per capita, current prices",U.S. dollars,Units,"See notes for:  Gross domestic product, current prices (National currency) Population (Persons).","5,300.14","3,897.71","4,217.65","4,759.80","4,813.67","4,218.00","4,882.73",2019
The Bahamas,"Gross domestic product per capita, current prices",U.S. dollars,Units,"See notes for:  Gross domestic product, current prices (National currency) Population (Persons).","32,154.95","32,390.98","33,543.00","34,583.83","35,664.03","29,220.54","30,069.96",2018
Bahrain,"Gross domestic product per capita, current prices",U.S. dollars,Units,"See notes for:  Gross domestic product, current prices (National currency) Population (Persons).","22,659.37","22,641.28","23,631.59","25,051.02","25,929.95","22,402.00","24,294.24",2019
Bangladesh,"Gross domestic product per capita, current prices",U.S. dollars,Units,"See notes for:  Gross domestic product, current prices (National currency) Population (Persons).","1,248.89","1,401.51","1,563.81","1,693.77","1,854.67","1,998.43","2,122.07",2013
Barbados,"Gross domestic product per capita, current prices",U.S. dollars,Units,"See notes for:  Gross domestic product, current prices (National currency) Population (Persons).","16,589.45","16,947.63","17,423.25","17,758.08","18,139.48","15,162.57","16,035.56",2019
Belarus,"Gross domestic product per capita, current prices",U.S. dollars,Units,"See notes for:  Gross domestic product, current prices (National currency) Population (Persons).","5,941.24","5,022.47","5,757.29","6,322.32","6,798.35","6,398.87","6,487.03",2019
Belgium,"Gross domestic product per capita, current prices",U.S. dollars,Units,"See notes for:  Gross domestic product, current prices (National currency) Population (Persons).","41,147.26","42,076.40","44,268.20","47,723.49","46,541.50","44,529.39","50,102.50",2020
Belize,"Gross domestic product per capita, current prices",U.S. dollars,Units,"See notes for:  Gross domestic product, current prices (National currency) Population (Persons).","4,681.77","4,692.07","4,725.18","4,728.78","4,699.28","3,944.94","3,969.59",2020
Benin,"Gross domestic product per capita, current prices",U.S. dollars,Units,"See notes for:  Gross domestic product, current prices (National currency) Population (Persons).","1,076.91","1,086.99","1,136.19","1,240.84","1,218.28","1,250.87","1,387.60",2017
Bhutan,"Gross domestic product per capita, current prices",U.S. dollars,Units,"See notes for:  Gross domestic product, current prices (National currency) Population (Persons).","2,693.63","2,803.64","3,234.75","3,280.72","3,371.02","3,358.96","3,296.11",2015
Bolivia,"Gross domestic product per capita, current prices",U.S. dollars,Units,"See notes for:  Gross domestic product, current prices (National currency) Population (Persons).","3,050.65","3,094.99","3,368.76","3,565.50","3,566.42","3,359.73","3,624.15",2017
Bosnia and Herzegovina,"Gross domestic product per capita, current prices",U.S. dollars,Units,"See notes for:  Gross domestic product, current prices (National currency) Population (Persons).","4,727.26","4,994.07","5,392.37","6,073.93","6,120.16","5,912.98","6,727.78",2018
Botswana,"Gross domestic product per capita, current prices",U.S. dollars,Units,"See notes for:  Gross domestic product, current prices (National currency) Population (Persons).","6,811.43","7,249.31","7,883.16","8,290.26","7,979.01","6,780.72","7,816.98",2019
Brazil,"Gross domestic product per capita, current prices",U.S. dollars,Units,"See notes for:  Gross domestic product, current prices (National currency) Population (Persons).","8,846.48","8,757.31","9,978.09","9,194.15","8,932.39","6,783.05","7,010.84",2019
Brunei Darussalam,"Gross domestic product per capita, current prices",U.S. dollars,Units,"See notes for:  Gross domestic product, current prices (National currency) Population (Persons).","31,355.74","27,318.05","28,236.77","30,668.37","29,314.11","26,089.28","33,096.59",2019
Bulgaria,"Gross domestic product per capita, current prices",U.S. dollars,Units,"See notes for:  Gross domestic product, current prices (National currency) Population (Persons).","7,079.78","7,575.77","8,381.99","9,470.58","9,863.02","9,919.30","11,321.32",2019
Burkina Faso,"Gross domestic product per capita, current prices",U.S. dollars,Units,"See notes for:  Gross domestic product, current prices (National currency) Population (Persons).",653.393,687.48,738.014,820.533,774.873,790.968,876.031,2018
Burundi,"Gross domestic product per capita, current prices",U.S. dollars,Units,"See notes for:  Gross domestic product, current prices (National currency) Population (Persons).",304.243,281.062,291.859,271.289,257.435,253.593,265.184,2016
Cabo Verde,"Gross domestic product per capita, current prices",U.S. dollars,Units,"See notes for:  Gross domestic product, current prices (National currency) Population (Persons).","2,996.36","3,082.16","3,239.07","3,616.44","3,601.73","3,147.69","3,555.13",2018
Cambodia,"Gross domestic product per capita, current prices",U.S. dollars,Units,"See notes for:  Gross domestic product, current prices (National currency) Population (Persons).","1,203.48","1,320.33","1,446.88","1,578.02","1,713.31","1,655.39","1,720.20",2019
Cameroon,"Gross domestic product per capita, current prices",U.S. dollars,Units,"See notes for:  Gross domestic product, current prices (National currency) Population (Persons).","1,327.64","1,363.95","1,424.60","1,535.19","1,501.87","1,469.91","1,649.01",2010
Canada,"Gross domestic product per capita, current prices",U.S. dollars,Units,"See notes for:  Gross domestic product, current prices (National currency) Population (Persons).","43,626.47","42,382.64","45,191.96","46,532.17","46,399.71","43,278.22","49,221.69",2019
Central African Republic,"Gross domestic product per capita, current prices",U.S. dollars,Units,"See notes for:  Gross domestic product, current prices (National currency) Population (Persons).",377.476,402.053,450.744,488.563,479.846,489.869,552.343,2004
Chad,"Gross domestic product per capita, current prices",U.S. dollars,Units,"See notes for:  Gross domestic product, current prices (National currency) Population (Persons).",776.105,700.558,671.18,713.034,685.677,653.98,740.829,2004
Chile,"Gross domestic product per capita, current prices",U.S. dollars,Units,"See notes for:  Gross domestic product, current prices (National currency) Population (Persons).","13,570.89","13,779.04","15,033.26","15,862.05","14,615.95","12,989.60","15,617.13",2019
China,"Gross domestic product per capita, current prices",U.S. dollars,Units,"See notes for:  Gross domestic product, current prices (National currency) Population (Persons).","8,084.80","8,119.62","8,823.46","9,919.81","10,242.92","10,483.88","11,819.03",2019
Colombia,"Gross domestic product per capita, current prices",U.S. dollars,Units,"See notes for:  Gross domestic product, current prices (National currency) Population (Persons).","6,088.67","5,799.62","6,327.38","6,704.75","6,419.48","5,335.59","5,752.67",2019
Comoros,"Gross domestic product per capita, current prices",U.S. dollars,Units,"See notes for:  Gross domestic product, current prices (National currency) Population (Persons).","1,231.14","1,256.04","1,300.57","1,386.01","1,362.42","1,361.86","1,420.42",2015
Democratic Republic of the Congo,"Gross domestic product per capita, current prices",U.S. dollars,Units,"See notes for:  Gross domestic product, current prices (National currency) Population (Persons).",490.698,459.14,456.398,553.329,573.513,540.534,587.596,2019
Republic of Congo,"Gross domestic product per capita, current prices",U.S. dollars,Units,"See notes for:  Gross domestic product, current prices (National currency) Population (Persons).","2,873.72","2,395.18","2,555.44","3,007.47","2,745.80","2,185.58","2,505.11",2018
Costa Rica,"Gross domestic product per capita, current prices",U.S. dollars,Units,"See notes for:  Gross domestic product, current prices (National currency) Population (Persons).","11,635.20","11,986.92","12,185.26","12,412.15","12,599.21","11,982.28","11,805.84",2019
CÙte d'Ivoire,"Gross domestic product per capita, current prices",U.S. dollars,Units,"See notes for:  Gross domestic product, current prices (National currency) Population (Persons).","1,932.22","1,971.62","2,066.85","2,265.29","2,227.98","2,277.72","2,566.67",2015
Croatia,"Gross domestic product per capita, current prices",U.S. dollars,Units,"See notes for:  Gross domestic product, current prices (National currency) Population (Persons).","11,780.60","12,362.59","13,450.09","15,009.70","14,935.95","14,072.08","16,246.54",2019
Cyprus,"Gross domestic product per capita, current prices",U.S. dollars,Units,"See notes for:  Gross domestic product, current prices (National currency) Population (Persons).","23,428.72","24,692.50","26,580.49","29,300.33","28,487.95","27,053.80","29,551.25",2020
Czech Republic,"Gross domestic product per capita, current prices",U.S. dollars,Units,"See notes for:  Gross domestic product, current prices (National currency) Population (Persons).","17,842.87","18,597.21","20,666.67","23,463.60","23,539.08","22,578.83","25,731.55",2019
Denmark,"Gross domestic product per capita, current prices",U.S. dollars,Units,"See notes for:  Gross domestic product, current prices (National currency) Population (Persons).","53,478.50","54,862.85","57,772.55","61,731.15","60,299.59","60,494.20","67,218.24",2019
Djibouti,"Gross domestic product per capita, current prices",U.S. dollars,Units,"See notes for:  Gross domestic product, current prices (National currency) Population (Persons).","2,532.60","2,638.00","2,711.46","2,872.07","3,103.07","3,074.39","3,213.97",2018
Dominica,"Gross domestic product per capita, current prices",U.S. dollars,Units,"See notes for:  Gross domestic product, current prices (National currency) Population (Persons).","7,666.36","7,997.39","7,114.37","7,081.38","7,731.79","6,903.76","6,989.10",2011
Dominican Republic,"Gross domestic product per capita, current prices",U.S. dollars,Units,"See notes for:  Gross domestic product, current prices (National currency) Population (Persons).","7,139.51","7,521.27","7,874.94","8,340.96","8,595.61","7,530.19","7,951.35",2019
Ecuador,"Gross domestic product per capita, current prices",U.S. dollars,Units,"See notes for:  Gross domestic product, current prices (National currency) Population (Persons).","6,099.35","6,046.30","6,216.61","6,318.48","6,260.60","5,520.36","5,665.18",2019
Egypt,"Gross domestic product per capita, current prices",U.S. dollars,Units,"See notes for:  Gross domestic product, current prices (National currency) Population (Persons).","3,731.18","3,653.67","2,484.54","2,577.27","3,056.98","3,586.97","3,831.88",2020
El Salvador,"Gross domestic product per capita, current prices",U.S. dollars,Units,"See notes for:  Gross domestic product, current prices (National currency) Population (Persons).","3,705.58","3,805.99","3,910.26","4,067.66","4,186.96","3,794.31","4,031.27",2018
Equatorial Guinea,"Gross domestic product per capita, current prices",U.S. dollars,Units,"See notes for:  Gross domestic product, current prices (National currency) Population (Persons).","11,217.99","9,202.54","9,624.53","10,106.21","8,105.79","6,772.73","8,073.83",2015
Eritrea,"Gross domestic product per capita, current prices",U.S. dollars,Units,"See notes for:  Gross domestic product, current prices (National currency) Population (Persons).",603.193,655.424,557.857,580.845,566.731,588.253,624.878,0
Estonia,"Gross domestic product per capita, current prices",U.S. dollars,Units,"See notes for:  Gross domestic product, current prices (National currency) Population (Persons).","17,531.06","18,444.69","20,451.24","23,181.22","23,720.41","23,330.09","26,469.64",2019
Eswatini,"Gross domestic product per capita, current prices",U.S. dollars,Units,"See notes for:  Gross domestic product, current prices (National currency) Population (Persons).","3,765.92","3,513.80","4,031.06","4,225.91","4,009.99","3,504.45","3,710.13",2017
Ethiopia,"Gross domestic product per capita, current prices",U.S. dollars,Units,"See notes for:  Gross domestic product, current prices (National currency) Population (Persons).",702.767,790.82,829.313,852.011,968.253,994.197,951.757,2016
Fiji,"Gross domestic product per capita, current prices",U.S. dollars,Units,"See notes for:  Gross domestic product, current prices (National currency) Population (Persons).","5,385.52","5,620.61","6,049.89","6,272.73","6,144.04","4,797.32","5,069.01",2019
Finland,"Gross domestic product per capita, current prices",U.S. dollars,Units,"See notes for:  Gross domestic product, current prices (National currency) Population (Persons).","42,867.09","43,865.76","46,437.21","50,082.60","48,749.49","48,981.44","54,330.37",2019
France,"Gross domestic product per capita, current prices",U.S. dollars,Units,"See notes for:  Gross domestic product, current prices (National currency) Population (Persons).","37,937.86","38,348.51","40,134.13","43,044.25","41,810.72","39,907.14","44,995.24",2019
Gabon,"Gross domestic product per capita, current prices",U.S. dollars,Units,"See notes for:  Gross domestic product, current prices (National currency) Population (Persons).","7,453.11","7,082.22","7,370.35","8,220.50","8,111.34","7,421.18","8,601.49",2004
The Gambia,"Gross domestic product per capita, current prices",U.S. dollars,Units,"See notes for:  Gross domestic product, current prices (National currency) Population (Persons).",649.511,683.998,676.656,729.035,774.206,790.829,833.858,2018
Georgia,"Gross domestic product per capita, current prices",U.S. dollars,Units,"See notes for:  Gross domestic product, current prices (National currency) Population (Persons).","4,017.62","4,060.89","4,358.59","4,718.79","4,693.66","4,247.94","4,360.71",2015
Germany,"Gross domestic product per capita, current prices",U.S. dollars,Units,"See notes for:  Gross domestic product, current prices (National currency) Population (Persons).","41,107.22","42,124.32","44,537.10","47,832.06","46,472.62","45,732.80","51,860.11",2020
Ghana,"Gross domestic product per capita, current prices",U.S. dollars,Units,"See notes for:  Gross domestic product, current prices (National currency) Population (Persons).","1,753.85","1,941.46","2,037.95","2,216.84","2,220.82","2,222.91","2,373.88",2018
Greece,"Gross domestic product per capita, current prices",U.S. dollars,Units,"See notes for:  Gross domestic product, current prices (National currency) Population (Persons).","17,997.40","17,879.71","18,578.29","19,769.33","19,147.46","17,670.29","19,672.53",2019
Grenada,"Gross domestic product per capita, current prices",U.S. dollars,Units,"See notes for:  Gross domestic product, current prices (National currency) Population (Persons).","9,096.54","9,628.26","10,152.83","10,474.88","10,735.38","9,185.56","9,171.42",2016
Guatemala,"Gross domestic product per capita, current prices",U.S. dollars,Units,"See notes for:  Gross domestic product, current prices (National currency) Population (Persons).","3,825.88","3,982.17","4,230.85","4,235.78","4,354.34","4,288.75","4,439.46",2019
Guinea,"Gross domestic product per capita, current prices",U.S. dollars,Units,"See notes for:  Gross domestic product, current prices (National currency) Population (Persons).",712.047,679.947,796.959,916.223,"1,012.50","1,106.47","1,141.25",2014
Guinea-Bissau,"Gross domestic product per capita, current prices",U.S. dollars,Units,"See notes for:  Gross domestic product, current prices (National currency) Population (Persons).",707.897,748.089,864.141,866.451,810.558,789.877,887.592,2017
Guyana,"Gross domestic product per capita, current prices",U.S. dollars,Units,"See notes for:  Gross domestic product, current prices (National currency) Population (Persons).","5,579.97","5,796.82","6,104.16","6,120.54","6,594.38","7,327.17","9,192.39",2019
Haiti,"Gross domestic product per capita, current prices",U.S. dollars,Units,"See notes for:  Gross domestic product, current prices (National currency) Population (Persons).","1,388.96","1,266.77","1,294.28","1,435.25","1,272.62","1,252.87","1,943.44",0
Honduras,"Gross domestic product per capita, current prices",U.S. dollars,Units,"See notes for:  Gross domestic product, current prices (National currency) Population (Persons).","2,302.04","2,341.66","2,451.97","2,484.69","2,550.67","2,382.88","2,585.97",2019
Hong Kong SAR,"Gross domestic product per capita, current prices",U.S. dollars,Units,"See notes for:  Gross domestic product, current prices (National currency) Population (Persons).","42,325.35","43,491.31","46,032.29","48,313.14","48,626.24","46,753.46","49,036.30",2020
Hungary,"Gross domestic product per capita, current prices",U.S. dollars,Units,"See notes for:  Gross domestic product, current prices (National currency) Population (Persons).","12,690.17","13,069.23","14,590.90","16,406.10","16,725.59","15,820.10","18,075.43",2019
Iceland,"Gross domestic product per capita, current prices",U.S. dollars,Units,"See notes for:  Gross domestic product, current prices (National currency) Population (Persons).","53,227.63","62,530.42","73,085.13","75,259.67","69,572.37","59,633.72","65,273.42",2018
India,"Gross domestic product per capita, current prices",U.S. dollars,Units,"See notes for:  Gross domestic product, current prices (National currency) Population (Persons).","1,605.61","1,732.05","1,980.69","1,996.95","2,098.93","1,964.88","2,190.90",2013
Indonesia,"Gross domestic product per capita, current prices",U.S. dollars,Units,"See notes for:  Gross domestic product, current prices (National currency) Population (Persons).","3,367.69","3,605.72","3,885.47","3,947.25","4,196.30","3,921.62","4,256.34",2020
Islamic Republic of Iran,"Gross domestic product per capita, current prices",U.S. dollars,Units,"See notes for:  Gross domestic product, current prices (National currency) Population (Persons).","4,844.50","5,195.91","5,471.79","5,543.84","6,980.39","7,554.77","8,034.09",2019
Iraq,"Gross domestic product per capita, current prices",U.S. dollars,Units,"See notes for:  Gross domestic product, current prices (National currency) Population (Persons).","5,044.62","4,637.00","5,178.92","5,690.51","5,686.61","4,288.77","4,632.15",2013
Ireland,"Gross domestic product per capita, current prices",U.S. dollars,Units,"See notes for:  Gross domestic product, current prices (National currency) Population (Persons).","61,951.73","62,696.32","69,950.66","79,143.80","80,481.69","83,849.81","94,555.79",2019
Israel,"Gross domestic product per capita, current prices",U.S. dollars,Units,"See notes for:  Gross domestic product, current prices (National currency) Population (Persons).","35,828.17","37,293.84","40,491.33","41,720.58","43,603.01","43,688.58","47,602.11",2019
Italy,"Gross domestic product per capita, current prices",U.S. dollars,Units,"See notes for:  Gross domestic product, current prices (National currency) Population (Persons).","30,213.10","30,932.78","32,367.11","34,605.68","33,219.85","31,288.02","34,996.91",2019
Jamaica,"Gross domestic product per capita, current prices",U.S. dollars,Units,"See notes for:  Gross domestic product, current prices (National currency) Population (Persons).","5,204.83","5,183.46","5,413.03","5,729.76","5,781.79","5,095.64","5,327.73",2019
Japan,"Gross domestic product per capita, current prices",U.S. dollars,Units,"See notes for:  Gross domestic product, current prices (National currency) Population (Persons).","35,005.66","39,411.42","38,903.30","39,818.80","40,801.66","40,146.07","42,927.73",2015
Jordan,"Gross domestic product per capita, current prices",U.S. dollars,Units,"See notes for:  Gross domestic product, current prices (National currency) Population (Persons).","4,218.83","4,224.80","4,273.91","4,341.04","4,425.69","4,259.26","4,358.27",2018
Kazakhstan,"Gross domestic product per capita, current prices",U.S. dollars,Units,"See notes for:  Gross domestic product, current prices (National currency) Population (Persons).","10,435.17","7,662.01","9,186.71","9,749.07","9,750.43","8,732.64","9,827.64",2019
Kenya,"Gross domestic product per capita, current prices",U.S. dollars,Units,"See notes for:  Gross domestic product, current prices (National currency) Population (Persons).","1,483.48","1,561.86","1,737.80","1,888.20","2,004.42","2,039.05","2,129.31",2019
Kiribati,"Gross domestic product per capita, current prices",U.S. dollars,Units,"See notes for:  Gross domestic product, current prices (National currency) Population (Persons).","1,556.50","1,598.89","1,656.63","1,748.65","1,695.30","1,687.51","1,917.50",2017
Korea,"Gross domestic product per capita, current prices",U.S. dollars,Units,"See notes for:  Gross domestic product, current prices (National currency) Population (Persons).","28,737.44","29,274.23","31,600.73","33,433.17","31,846.28","31,496.77","34,865.72",2019
Kosovo,"Gross domestic product per capita, current prices",U.S. dollars,Units,"See notes for:  Gross domestic product, current prices (National currency) Population (Persons).","3,637.44","3,766.22","4,027.27","4,432.56","4,418.54","4,309.84","4,855.72",0
Kuwait,"Gross domestic product per capita, current prices",U.S. dollars,Units,"See notes for:  Gross domestic product, current prices (National currency) Population (Persons).","27,398.08","25,267.15","27,193.90","30,436.42","28,339.16","22,105.09","25,289.93",2018
Kyrgyz Republic,"Gross domestic product per capita, current prices",U.S. dollars,Units,"See notes for:  Gross domestic product, current prices (National currency) Population (Persons).","1,132.84","1,131.84","1,254.51","1,321.95","1,323.47","1,146.39","1,122.57",2019
Lao P.D.R.,"Gross domestic product per capita, current prices",U.S. dollars,Units,"See notes for:  Gross domestic product, current prices (National currency) Population (Persons).","2,130.63","2,323.36","2,452.97","2,567.89","2,625.49","2,625.53","2,773.08",2019
Latvia,"Gross domestic product per capita, current prices",U.S. dollars,Units,"See notes for:  Gross domestic product, current prices (National currency) Population (Persons).","13,722.08","14,253.04","15,613.44","17,799.83","17,739.47","17,559.86","19,824.23",2019
Lebanon,"Gross domestic product per capita, current prices",U.S. dollars,Units,"See notes for:  Gross domestic product, current prices (National currency) Population (Persons).","7,644.55","7,626.30","7,792.60","8,012.54","7,668.34","2,802.14",n/a,2012
Lesotho,"Gross domestic product per capita, current prices",U.S. dollars,Units,"See notes for:  Gross domestic product, current prices (National currency) Population (Persons).","1,106.83","1,105.77","1,166.07","1,140.51","1,117.39","1,002.98","1,177.93",2016
Liberia,"Gross domestic product per capita, current prices",U.S. dollars,Units,"See notes for:  Gross domestic product, current prices (National currency) Population (Persons).",746.238,767.874,766.314,731.317,669.271,646.27,700.469,2016
Libya,"Gross domestic product per capita, current prices",U.S. dollars,Units,"See notes for:  Gross domestic product, current prices (National currency) Population (Persons).","2,723.37","2,907.46","4,685.07","6,361.58","6,055.46","3,280.83","3,616.57",2017
Lithuania,"Gross domestic product per capita, current prices",U.S. dollars,Units,"See notes for:  Gross domestic product, current prices (National currency) Population (Persons).","14,265.41","15,004.19","16,879.45","19,184.84","19,552.90","19,916.50","22,244.97",2019
Luxembourg,"Gross domestic product per capita, current prices",U.S. dollars,Units,"See notes for:  Gross domestic product, current prices (National currency) Population (Persons).","102,625.13","105,364.22","108,621.75","117,859.72","115,838.77","116,921.11","131,781.72",2020
Macao SAR,"Gross domestic product per capita, current prices",U.S. dollars,Units,"See notes for:  Gross domestic product, current prices (National currency) Population (Persons).","69,666.75","69,910.52","77,257.33","82,862.88","81,156.61","36,350.16","58,003.70",2019
Madagascar,"Gross domestic product per capita, current prices",U.S. dollars,Units,"See notes for:  Gross domestic product, current prices (National currency) Population (Persons).",467.235,476.226,515.935,533.197,539.953,501.756,521.485,2010
Malawi,"Gross domestic product per capita, current prices",U.S. dollars,Units,"See notes for:  Gross domestic product, current prices (National currency) Population (Persons).",353.507,294.756,325.01,350.441,377.721,406.65,431.581,2016
Malaysia,"Gross domestic product per capita, current prices",U.S. dollars,Units,"See notes for:  Gross domestic product, current prices (National currency) Population (Persons).","9,663.11","9,523.30","9,965.12","11,077.43","11,213.12","10,269.86","11,603.69",2019
Maldives,"Gross domestic product per capita, current prices",U.S. dollars,Units,"See notes for:  Gross domestic product, current prices (National currency) Population (Persons).","11,781.03","12,348.71","13,201.45","14,476.59","15,148.80","9,934.09","11,800.60",2014
Mali,"Gross domestic product per capita, current prices",U.S. dollars,Units,"See notes for:  Gross domestic product, current prices (National currency) Population (Persons).",773.945,804.081,854.976,922.55,907.218,897.287,983.379,2017
Malta,"Gross domestic product per capita, current prices",U.S. dollars,Units,"See notes for:  Gross domestic product, current prices (National currency) Population (Persons).","25,228.18","25,972.39","28,713.10","31,263.20","30,832.79","28,293.63","31,576.37",2020
Marshall Islands,"Gross domestic product per capita, current prices",U.S. dollars,Units,"See notes for:  Gross domestic product, current prices (National currency) Population (Persons).","3,406.48","3,720.62","3,898.58","4,061.68","4,363.11","4,240.10","4,205.50",2018
Mauritania,"Gross domestic product per capita, current prices",U.S. dollars,Units,"See notes for:  Gross domestic product, current prices (National currency) Population (Persons).","1,668.07","1,690.81","1,747.75","1,775.32","1,953.87","1,971.45","2,178.89",2014
Mauritius,"Gross domestic product per capita, current prices",U.S. dollars,Units,"See notes for:  Gross domestic product, current prices (National currency) Population (Persons).","9,258.56","9,681.42","10,485.01","11,205.90","11,090.43","8,993.48","9,639.31",2018
Mexico,"Gross domestic product per capita, current prices",U.S. dollars,Units,"See notes for:  Gross domestic product, current prices (National currency) Population (Persons).","9,657.12","8,788.59","9,342.92","9,753.19","10,024.42","8,421.19","9,246.01",2020
Micronesia,"Gross domestic product per capita, current prices",U.S. dollars,Units,"See notes for:  Gross domestic product, current prices (National currency) Population (Persons).","3,050.72","3,197.21","3,522.11","3,854.14","3,952.22","3,899.48","3,820.72",2018
Moldova,"Gross domestic product per capita, current prices",U.S. dollars,Units,"See notes for:  Gross domestic product, current prices (National currency) Population (Persons).","2,715.78","2,857.88","3,478.52","4,141.84","4,458.19","4,365.85","4,637.58",2019
Mongolia,"Gross domestic product per capita, current prices",U.S. dollars,Units,"See notes for:  Gross domestic product, current prices (National currency) Population (Persons).","3,842.54","3,576.82","3,595.38","4,056.73","4,245.46","3,916.09","4,171.69",2019
Montenegro,"Gross domestic product per capita, current prices",U.S. dollars,Units,"See notes for:  Gross domestic product, current prices (National currency) Population (Persons).","6,517.42","7,031.53","7,800.27","8,854.78","8,902.68","7,688.57","9,064.16",2019
Morocco,"Gross domestic product per capita, current prices",U.S. dollars,Units,"See notes for:  Gross domestic product, current prices (National currency) Population (Persons).","2,964.96","2,995.68","3,147.10","3,353.10","3,363.61","3,158.32","3,414.83",2018
Mozambique,"Gross domestic product per capita, current prices",U.S. dollars,Units,"See notes for:  Gross domestic product, current prices (National currency) Population (Persons).",570.129,415.18,445.192,484.87,487.687,449.63,424.911,2015
Myanmar,"Gross domestic product per capita, current prices",U.S. dollars,Units,"See notes for:  Gross domestic product, current prices (National currency) Population (Persons).","1,223.74","1,163.79","1,177.08","1,271.68","1,302.28","1,527.44","1,422.87",2015
Namibia,"Gross domestic product per capita, current prices",U.S. dollars,Units,"See notes for:  Gross domestic product, current prices (National currency) Population (Persons).","5,020.47","4,611.51","5,438.76","5,664.46","5,100.07","4,175.18","4,371.20",2019
Nauru,"Gross domestic product per capita, current prices",U.S. dollars,Units,"See notes for:  Gross domestic product, current prices (National currency) Population (Persons).","6,994.05","7,674.48","8,152.26","9,398.51","9,365.10","8,866.87","10,124.97",2016
Nepal,"Gross domestic product per capita, current prices",U.S. dollars,Units,"See notes for:  Gross domestic product, current prices (National currency) Population (Persons).",901.75,899.6,"1,048.67","1,178.86","1,201.44","1,195.59","1,235.61",2018
Netherlands,"Gross domestic product per capita, current prices",U.S. dollars,Units,"See notes for:  Gross domestic product, current prices (National currency) Population (Persons).","45,302.80","46,165.18","48,799.87","53,224.69","52,490.59","52,247.54","58,003.35",2019
New Zealand,"Gross domestic product per capita, current prices",U.S. dollars,Units,"See notes for:  Gross domestic product, current prices (National currency) Population (Persons).","38,195.64","39,428.05","42,329.68","42,803.49","42,166.32","41,127.16","47,498.65",2020
Nicaragua,"Gross domestic product per capita, current prices",U.S. dollars,Units,"See notes for:  Gross domestic product, current prices (National currency) Population (Persons).","2,036.93","2,099.59","2,156.15","2,022.14","1,920.29","1,869.71","1,876.90",2019
Niger,"Gross domestic product per capita, current prices",U.S. dollars,Units,"See notes for:  Gross domestic product, current prices (National currency) Population (Persons).",484.171,497.882,517.771,572.564,553.905,565.867,632.633,2009
Nigeria,"Gross domestic product per capita, current prices",U.S. dollars,Units,"See notes for:  Gross domestic product, current prices (National currency) Population (Persons).","2,718.59","2,176.00","1,968.56","2,153.09","2,229.85","2,083.16","2,431.63",2012
North Macedonia,"Gross domestic product per capita, current prices",U.S. dollars,Units,"See notes for:  Gross domestic product, current prices (National currency) Population (Persons).","4,860.42","5,152.97","5,462.38","6,111.19","6,044.44","5,918.11","6,656.68",2019
Norway,"Gross domestic product per capita, current prices",U.S. dollars,Units,"See notes for:  Gross domestic product, current prices (National currency) Population (Persons).","74,115.16","70,223.82","75,306.67","82,082.12","75,700.22","67,176.43","81,995.39",2018
Oman,"Gross domestic product per capita, current prices",U.S. dollars,Units,"See notes for:  Gross domestic product, current prices (National currency) Population (Persons).","16,570.74","14,834.59","15,482.13","17,338.96","16,529.35","14,215.58","16,211.88",2019
Pakistan,"Gross domestic product per capita, current prices",U.S. dollars,Units,"See notes for:  Gross domestic product, current prices (National currency) Population (Persons).","1,422.92","1,436.37","1,544.17","1,557.89","1,348.68","1,260.01",n/a,2020
Palau,"Gross domestic product per capita, current prices",U.S. dollars,Units,"See notes for:  Gross domestic product, current prices (National currency) Population (Persons).","15,787.60","16,600.92","16,062.31","16,264.86","16,064.02","14,411.66","12,849.76",2018
Panama,"Gross domestic product per capita, current prices",U.S. dollars,Units,"See notes for:  Gross domestic product, current prices (National currency) Population (Persons).","13,606.60","14,344.09","15,178.30","15,612.33","15,830.98","12,373.05","13,689.51",2019
Papua New Guinea,"Gross domestic product per capita, current prices",U.S. dollars,Units,"See notes for:  Gross domestic product, current prices (National currency) Population (Persons).","2,742.92","2,567.58","2,755.49","2,861.45","2,886.59","2,684.77","2,737.17",2019
Paraguay,"Gross domestic product per capita, current prices",U.S. dollars,Units,"See notes for:  Gross domestic product, current prices (National currency) Population (Persons).","5,353.06","5,259.92","5,609.85","5,725.90","5,332.99","4,946.46","5,145.64",2019
Peru,"Gross domestic product per capita, current prices",U.S. dollars,Units,"See notes for:  Gross domestic product, current prices (National currency) Population (Persons).","6,141.43","6,191.12","6,725.98","7,000.16","6,958.10","6,083.87","6,678.27",2018
Philippines,"Gross domestic product per capita, current prices",U.S. dollars,Units,"See notes for:  Gross domestic product, current prices (National currency) Population (Persons).","3,039.23","3,107.65","3,153.31","3,279.52","3,511.94","3,330.36","3,646.08",2020
Poland,"Gross domestic product per capita, current prices",U.S. dollars,Units,"See notes for:  Gross domestic product, current prices (National currency) Population (Persons).","12,563.61","12,438.52","13,868.91","15,468.26","15,689.43","15,653.56","16,930.15",2020
Portugal,"Gross domestic product per capita, current prices",U.S. dollars,Units,"See notes for:  Gross domestic product, current prices (National currency) Population (Persons).","19,252.02","19,986.36","21,482.83","23,573.29","23,287.02","22,488.62","25,064.64",2020
Puerto Rico,"Gross domestic product per capita, current prices",U.S. dollars,Units,"See notes for:  Gross domestic product, current prices (National currency) Population (Persons).","29,755.35","30,585.55","31,347.27","31,559.06","32,809.06","30,317.39","32,232.71",2019
Qatar,"Gross domestic product per capita, current prices",U.S. dollars,Units,"See notes for:  Gross domestic product, current prices (National currency) Population (Persons).","66,346.96","57,965.39","59,127.49","66,421.62","62,918.85","52,144.16","59,143.27",2018
Romania,"Gross domestic product per capita, current prices",U.S. dollars,Units,"See notes for:  Gross domestic product, current prices (National currency) Population (Persons).","8,942.20","9,520.44","10,776.67","12,362.98","12,867.45","12,797.10","14,968.02",2019
Russia,"Gross domestic product per capita, current prices",U.S. dollars,Units,"See notes for:  Gross domestic product, current prices (National currency) Population (Persons).","9,257.94","8,723.52","10,724.00","11,261.72","11,511.51","10,037.24","11,654.37",2019
Rwanda,"Gross domestic product per capita, current prices",U.S. dollars,Units,"See notes for:  Gross domestic product, current prices (National currency) Population (Persons).",759.764,759.492,784.138,795.755,816.358,818.99,820.582,2012
Samoa,"Gross domestic product per capita, current prices",U.S. dollars,Units,"See notes for:  Gross domestic product, current prices (National currency) Population (Persons).","4,073.68","4,081.75","4,211.63","4,197.73","4,237.69","3,960.61","3,671.85",2016
San Marino,"Gross domestic product per capita, current prices",U.S. dollars,Units,"See notes for:  Gross domestic product, current prices (National currency) Population (Persons).","43,068.69","44,308.67","45,887.69","49,477.28","48,368.00","44,818.19","49,765.07",2019
S„o TomÈ and PrÌncipe,"Gross domestic product per capita, current prices",U.S. dollars,Units,"See notes for:  Gross domestic product, current prices (National currency) Population (Persons).","1,623.81","1,737.73","1,842.33","1,988.72","1,980.35","1,918.01","2,174.23",2011
Saudi Arabia,"Gross domestic product per capita, current prices",U.S. dollars,Units,"See notes for:  Gross domestic product, current prices (National currency) Population (Persons).","21,063.31","20,288.92","21,113.96","23,538.93","23,266.49","20,178.23","22,700.14",2019
Senegal,"Gross domestic product per capita, current prices",U.S. dollars,Units,"See notes for:  Gross domestic product, current prices (National currency) Population (Persons).","1,219.37","1,269.55","1,361.22","1,458.73","1,430.21","1,459.51","1,622.02",2018
Serbia,"Gross domestic product per capita, current prices",U.S. dollars,Units,"See notes for:  Gross domestic product, current prices (National currency) Population (Persons).","5,588.98","5,765.20","6,292.55","7,252.40","7,391.84","7,635.65","8,748.31",2019
Seychelles,"Gross domestic product per capita, current prices",U.S. dollars,Units,"See notes for:  Gross domestic product, current prices (National currency) Population (Persons).","14,786.12","15,199.21","16,180.94","16,143.34","16,389.26","11,638.72","9,665.57",2015
Sierra Leone,"Gross domestic product per capita, current prices",U.S. dollars,Units,"See notes for:  Gross domestic product, current prices (National currency) Population (Persons).",592.903,525.948,495.812,533.972,527.026,526.514,541.873,2017
Singapore,"Gross domestic product per capita, current prices",U.S. dollars,Units,"See notes for:  Gross domestic product, current prices (National currency) Population (Persons).","55,645.61","56,846.27","61,175.44","66,675.77","65,641.31","58,902.22","64,103.20",2019
Slovak Republic,"Gross domestic product per capita, current prices",U.S. dollars,Units,"See notes for:  Gross domestic product, current prices (National currency) Population (Persons).","16,326.57","16,529.16","17,562.97","19,428.17","19,281.32","19,071.20","21,529.08",2019
Slovenia,"Gross domestic product per capita, current prices",U.S. dollars,Units,"See notes for:  Gross domestic product, current prices (National currency) Population (Persons).","20,898.91","21,681.34","23,510.11","26,216.43","26,036.84","25,210.72","28,103.80",2020
Solomon Islands,"Gross domestic product per capita, current prices",U.S. dollars,Units,"See notes for:  Gross domestic product, current prices (National currency) Population (Persons).","2,231.83","2,299.88","2,375.04","2,496.89","2,462.55","2,392.24","2,454.83",2015
Somalia,"Gross domestic product per capita, current prices",U.S. dollars,Units,"See notes for:  Gross domestic product, current prices (National currency) Population (Persons).",310.457,312.857,326.515,332.224,338.155,326.982,346.683,2019
South Africa,"Gross domestic product per capita, current prices",U.S. dollars,Units,"See notes for:  Gross domestic product, current prices (National currency) Population (Persons).","5,731.73","5,266.88","6,119.89","6,353.85","5,977.95","5,067.15","5,443.94",2020
South Sudan,"Gross domestic product per capita, current prices",U.S. dollars,Units,"See notes for:  Gross domestic product, current prices (National currency) Population (Persons).","1,245.68",286.208,277.692,359.062,309.718,295.661,314.644,2008
Spain,"Gross domestic product per capita, current prices",U.S. dollars,Units,"See notes for:  Gross domestic product, current prices (National currency) Population (Persons).","25,764.22","26,535.55","28,196.76","30,448.00","29,586.40","27,132.32","30,995.54",2019
Sri Lanka,"Gross domestic product per capita, current prices",U.S. dollars,Units,"See notes for:  Gross domestic product, current prices (National currency) Population (Persons).","3,841.52","3,885.76","4,076.75","4,057.33","3,851.67","3,678.73","3,829.94",2019
St. Kitts and Nevis,"Gross domestic product per capita, current prices",U.S. dollars,Units,"See notes for:  Gross domestic product, current prices (National currency) Population (Persons).","17,004.85","17,708.18","17,994.32","18,060.37","18,832.28","14,918.75","14,402.09",2015
St. Lucia,"Gross domestic product per capita, current prices",U.S. dollars,Units,"See notes for:  Gross domestic product, current prices (National currency) Population (Persons).","10,375.92","10,609.62","11,275.12","11,560.86","11,803.10","9,351.36","9,815.95",2015
St. Vincent and the Grenadines,"Gross domestic product per capita, current prices",U.S. dollars,Units,"See notes for:  Gross domestic product, current prices (National currency) Population (Persons).","6,867.52","7,033.49","7,187.49","7,353.64","7,473.83","7,121.64","7,211.54",2016
Sudan,"Gross domestic product per capita, current prices",U.S. dollars,Units,"See notes for:  Gross domestic product, current prices (National currency) Population (Persons).","1,679.07","1,638.51","1,172.97",854.872,776.549,775.043,787.443,2011
Suriname,"Gross domestic product per capita, current prices",U.S. dollars,Units,"See notes for:  Gross domestic product, current prices (National currency) Population (Persons).","8,439.04","5,435.12","5,514.71","5,871.20","6,191.28","3,988.45","4,030.21",2018
Sweden,"Gross domestic product per capita, current prices",U.S. dollars,Units,"See notes for:  Gross domestic product, current prices (National currency) Population (Persons).","51,274.28","51,590.47","53,459.07","54,295.73","51,443.11","51,796.38","58,976.79",2019
Switzerland,"Gross domestic product per capita, current prices",U.S. dollars,Units,"See notes for:  Gross domestic product, current prices (National currency) Population (Persons).","85,240.79","83,518.34","83,702.15","86,802.56","85,685.99","86,849.47","94,696.13",2019
Syria,"Gross domestic product per capita, current prices",U.S. dollars,Units,"See notes for:  Gross domestic product, current prices (National currency) Population (Persons).",n/a,n/a,n/a,n/a,n/a,n/a,n/a,2010
Taiwan Province of China,"Gross domestic product per capita, current prices",U.S. dollars,Units,"See notes for:  Gross domestic product, current prices (National currency) Population (Persons).","22,752.99","23,070.73","25,061.62","25,825.57","25,935.90","28,305.92","32,122.53",2019
Tajikistan,"Gross domestic product per capita, current prices",U.S. dollars,Units,"See notes for:  Gross domestic product, current prices (National currency) Population (Persons).",919.073,795.981,800.802,825.77,873.499,843.974,810.339,2014
Tanzania,"Gross domestic product per capita, current prices",U.S. dollars,Units,"See notes for:  Gross domestic product, current prices (National currency) Population (Persons).",947.897,966.29,"1,002.87","1,036.93","1,079.68","1,090.39","1,103.61",2012
Thailand,"Gross domestic product per capita, current prices",U.S. dollars,Units,"See notes for:  Gross domestic product, current prices (National currency) Population (Persons).","5,837.81","5,995.21","6,596.22","7,293.89","7,815.41","7,190.37","7,701.63",2019
Timor-Leste,"Gross domestic product per capita, current prices",U.S. dollars,Units,"See notes for:  Gross domestic product, current prices (National currency) Population (Persons).","1,332.79","1,353.75","1,286.41","1,230.23","1,560.51","1,358.73","1,284.51",2019
Togo,"Gross domestic product per capita, current prices",U.S. dollars,Units,"See notes for:  Gross domestic product, current prices (National currency) Population (Persons).",770.358,802.935,830.458,902.15,893.18,904.675,"1,016.13",2016
Tonga,"Gross domestic product per capita, current prices",U.S. dollars,Units,"See notes for:  Gross domestic product, current prices (National currency) Population (Persons).","4,298.22","4,178.29","4,577.00","4,836.44","5,150.55","5,125.12","5,080.68",2019
Trinidad and Tobago,"Gross domestic product per capita, current prices",U.S. dollars,Units,"See notes for:  Gross domestic product, current prices (National currency) Population (Persons).","18,214.37","16,256.46","16,173.66","17,037.95","16,637.11","15,384.13","15,752.19",2019
Tunisia,"Gross domestic product per capita, current prices",U.S. dollars,Units,"See notes for:  Gross domestic product, current prices (National currency) Population (Persons).","3,829.50","3,665.68","3,436.20","3,442.69","3,324.13","3,322.93","3,683.08",2019
Turkey,"Gross domestic product per capita, current prices",U.S. dollars,Units,"See notes for:  Gross domestic product, current prices (National currency) Population (Persons).","10,973.59","10,891.19","10,628.90","9,506.84","9,150.86","8,548.18","9,327.27",2020
Turkmenistan,"Gross domestic product per capita, current prices",U.S. dollars,Units,"See notes for:  Gross domestic product, current prices (National currency) Population (Persons).","6,432.67","6,410.26","6,642.52","7,065.48","7,723.68","7,967.30","9,032.20",2004
Tuvalu,"Gross domestic product per capita, current prices",U.S. dollars,Units,"See notes for:  Gross domestic product, current prices (National currency) Population (Persons).","3,238.99","3,637.44","3,950.92","4,230.51","4,295.30","4,372.40","5,116.49",2012
Uganda,"Gross domestic product per capita, current prices",U.S. dollars,Units,"See notes for:  Gross domestic product, current prices (National currency) Population (Persons).",773.284,808.445,833.033,878.22,948.891,912.442,971.983,2016
Ukraine,"Gross domestic product per capita, current prices",U.S. dollars,Units,"See notes for:  Gross domestic product, current prices (National currency) Population (Persons).","2,124.62","2,200.00","2,655.94","3,118.53","3,687.63","3,653.11","3,983.64",2019
United Arab Emirates,"Gross domestic product per capita, current prices",U.S. dollars,Units,"See notes for:  Gross domestic product, current prices (National currency) Population (Persons).","37,380.57","36,226.23","38,031.54","40,479.47","39,179.88","31,982.23","35,171.18",2019
United Kingdom,"Gross domestic product per capita, current prices",U.S. dollars,Units,"See notes for:  Gross domestic product, current prices (National currency) Population (Persons).","45,053.49","41,177.83","40,349.87","43,063.74","42,416.60","40,406.28","46,343.67",2019
United States,"Gross domestic product per capita, current prices",U.S. dollars,Units,"See notes for:  Gross domestic product, current prices (National currency) Population (Persons).","56,848.51","58,017.23","60,105.85","63,055.98","65,253.52","63,415.99","68,308.97",2019
Uruguay,"Gross domestic product per capita, current prices",U.S. dollars,Units,"See notes for:  Gross domestic product, current prices (National currency) Population (Persons).","16,692.65","16,446.23","18,388.31","18,472.83","17,681.21","15,777.96","15,653.11",2015
Uzbekistan,"Gross domestic product per capita, current prices",U.S. dollars,Units,"See notes for:  Gross domestic product, current prices (National currency) Population (Persons).","2,621.98","2,575.52","1,810.27","1,542.64","1,735.84","1,701.94","1,774.93",2019
Vanuatu,"Gross domestic product per capita, current prices",U.S. dollars,Units,"See notes for:  Gross domestic product, current prices (National currency) Population (Persons).","2,771.66","2,844.13","3,158.84","3,256.32","3,155.65","2,875.95","2,957.30",2017
Venezuela,"Gross domestic product per capita, current prices",U.S. dollars,Units,"See notes for:  Gross domestic product, current prices (National currency) Population (Persons).","10,568.10","9,092.02","4,725.05","3,404.43","2,299.31","1,690.66","1,541.70",2010
Vietnam,"Gross domestic product per capita, current prices",U.S. dollars,Units,"See notes for:  Gross domestic product, current prices (National currency) Population (Persons).","2,582.39","2,720.19","2,957.93","3,211.46","3,415.46","3,498.98","3,609.28",2019
West Bank and Gaza,"Gross domestic product per capita, current prices",U.S. dollars,Units,"See notes for:  Gross domestic product, current prices (National currency) Population (Persons).","3,084.13","3,325.85","3,407.31","3,353.23","3,442.75","3,042.17","3,155.85",2019
Yemen,"Gross domestic product per capita, current prices",U.S. dollars,Units,"See notes for:  Gross domestic product, current prices (National currency) Population (Persons).","1,500.69","1,061.84",891.888,762.136,713.072,620.24,753.987,2019
Zambia,"Gross domestic product per capita, current prices",U.S. dollars,Units,"See notes for:  Gross domestic product, current prices (National currency) Population (Persons).","1,310.46","1,254.12","1,500.96","1,480.42","1,272.24",981.311,974.271,2019
Zimbabwe,"Gross domestic product per capita, current prices",U.S. dollars,Units,"See notes for:  Gross domestic product, current prices (National currency) Population (Persons).","1,425.01","1,409.45","1,516.28","1,440.59","1,293.01","1,385.04","1,683.72",2017
,,,,,,,,,,,,
"International Monetary Fund, World Economic Outlook Database, April 2021",,,,,,,,,,,,